[
    {
      "customer": {
        "id": 1,
        "name": "Gowri Ganesh Apparel",
        "shortName": "cus_1",
        "address": null,
        "phoneNo": null,
        "fax": null,
        "mobile": null,
        "email": null,
        "panNo": null,
        "gstDetails": {
          "id": 1,
          "number": "gstNumber",
          "status": null,
          "wefDate": null,
          "state": null,
          "gstNumberValidFormat": "validGSTFormat"
        },
        "organisation": {
          "id": 1,
          "name": "organisationName"
        }
      },
      "vendor": null,
      "cluster": {
        "id": 4,
        "name": "Cluster 4",
        "type": "CUSTOMER",
        "organisation": {
          "id": 1,
          "name": "organisationName"
        }
      },
      "transactionDetails": [
        {
          "transactionDate": "04/24/2019",
          "transactionAmount": 52
        },
        {
          "transactionDate": "04/29/2019",
          "transactionAmount": 500
        },
        {
          "transactionDate": "06/04/2019",
          "transactionAmount": 228
        },
        {
          "transactionDate": "07/27/2019",
          "transactionAmount": 100
        },
        {
          "transactionDate": "08/16/2019",
          "transactionAmount": 10
        },
        {
          "transactionDate": "08/30/2019",
          "transactionAmount": 11
        }
      ]
    },
    {
      "customer": {
        "id": 2,
        "name": "Ganesh",
        "shortName": "cus_2",
        "address": null,
        "phoneNo": null,
        "fax": null,
        "mobile": null,
        "email": null,
        "panNo": null,
        "gstDetails": {
          "id": 1,
          "number": "gstNumber",
          "status": null,
          "wefDate": null,
          "state": null,
          "gstNumberValidFormat": "validGSTFormat"
        },
        "organisation": {
          "id": 1,
          "name": "organisationName"
        }
      },
      "vendor": null,
      "cluster": {
        "id": 4,
        "name": "Cluster 4",
        "type": "CUSTOMER",
        "organisation": {
          "id": 1,
          "name": "organisationName"
        }
      },
      "transactionDetails": [
        {
          "transactionDate": "04/24/2019",
          "transactionAmount": 52
        },
        {
          "transactionDate": "04/29/2019",
          "transactionAmount": 333
        },
        {
          "transactionDate": "06/04/2019",
          "transactionAmount": 228
        },
        {
          "transactionDate": "07/27/2019",
          "transactionAmount": 10
        },
        {
          "transactionDate": "08/16/2019",
          "transactionAmount": 100
        },
        {
          "transactionDate": "08/30/2019",
          "transactionAmount": 115
        }
      ]
    },
    {
      "customer": {
        "id": 3,
        "name": "Apparel",
        "shortName": "cus_3",
        "address": null,
        "phoneNo": null,
        "fax": null,
        "mobile": null,
        "email": null,
        "panNo": null,
        "gstDetails": {
          "id": 1,
          "number": "gstNumber",
          "status": null,
          "wefDate": null,
          "state": null,
          "gstNumberValidFormat": "validGSTFormat"
        },
        "organisation": {
          "id": 1,
          "name": "organisationName"
        }
      },
      "vendor": null,
      "cluster": {
        "id": 4,
        "name": "Cluster 4",
        "type": "CUSTOMER",
        "organisation": {
          "id": 1,
          "name": "organisationName"
        }
      },
      "transactionDetails": [
        {
          "transactionDate": "04/24/2019",
          "transactionAmount": 526
        },
        {
          "transactionDate": "04/29/2019",
          "transactionAmount": 500
        },
        {
          "transactionDate": "06/04/2019",
          "transactionAmount": 228
        },
        {
          "transactionDate": "07/27/2019",
          "transactionAmount": 100
        },
        {
          "transactionDate": "08/16/2019",
          "transactionAmount": 100
        },
        {
          "transactionDate": "08/30/2019",
          "transactionAmount": 11
        }
      ]
    },
    {
      "customer": {
        "id": 5,
        "name": "Rakesh",
        "shortName": "cus_5",
        "address": null,
        "phoneNo": null,
        "fax": null,
        "mobile": null,
        "email": null,
        "panNo": null,
        "gstDetails": {
          "id": 1,
          "number": "gstNumber",
          "status": null,
          "wefDate": null,
          "state": null,
          "gstNumberValidFormat": "validGSTFormat"
        },
        "organisation": {
          "id": 1,
          "name": "organisationName"
        }
      },
      "vendor": null,
      "cluster": {
        "id": 4,
        "name": "Cluster 4",
        "type": "CUSTOMER",
        "organisation": {
          "id": 1,
          "name": "organisationName"
        }
      },
      "transactionDetails": [
        {
          "transactionDate": "04/24/2019",
          "transactionAmount": 52
        },
        {
          "transactionDate": "04/29/2019",
          "transactionAmount": 50
        },
        {
          "transactionDate": "06/04/2019",
          "transactionAmount": 22
        },
        {
          "transactionDate": "07/27/2019",
          "transactionAmount": 10
        },
        {
          "transactionDate": "08/16/2019",
          "transactionAmount": 10
        },
        {
          "transactionDate": "08/30/2019",
          "transactionAmount": 11
        }
      ]
    },
    {
      "customer": {
        "id": 6,
        "name": "Stephen",
        "shortName": "cus_6",
        "address": null,
        "phoneNo": null,
        "fax": null,
        "mobile": null,
        "email": null,
        "panNo": null,
        "gstDetails": {
          "id": 1,
          "number": "gstNumber",
          "status": null,
          "wefDate": null,
          "state": null,
          "gstNumberValidFormat": "validGSTFormat"
        },
        "organisation": {
          "id": 1,
          "name": "organisationName"
        }
      },
      "vendor": null,
      "cluster": {
        "id": 4,
        "name": "Cluster 4",
        "type": "CUSTOMER",
        "organisation": {
          "id": 1,
          "name": "organisationName"
        }
      },
      "transactionDetails": [
        {
          "transactionDate": "04/24/2019",
          "transactionAmount": 52
        },
        {
          "transactionDate": "04/29/2019",
          "transactionAmount": 500
        },
        {
          "transactionDate": "06/04/2019",
          "transactionAmount": 228
        },
        {
          "transactionDate": "07/27/2019",
          "transactionAmount": 100
        },
        {
          "transactionDate": "08/16/2019",
          "transactionAmount": 100
        },
        {
          "transactionDate": "08/30/2019",
          "transactionAmount": 11
        }
      ]
    },
    {
      "customer": {
        "id": 7,
        "name": "Johns",
        "shortName": "cus_7",
        "address": null,
        "phoneNo": null,
        "fax": null,
        "mobile": null,
        "email": null,
        "panNo": null,
        "gstDetails": {
          "id": 1,
          "number": "gstNumber",
          "status": null,
          "wefDate": null,
          "state": null,
          "gstNumberValidFormat": "validGSTFormat"
        },
        "organisation": {
          "id": 1,
          "name": "organisationName"
        }
      },
      "vendor": null,
      "cluster": {
        "id": 4,
        "name": "Cluster 4",
        "type": "CUSTOMER",
        "organisation": {
          "id": 1,
          "name": "organisationName"
        }
      },
      "transactionDetails": [
        {
          "transactionDate": "04/24/2019",
          "transactionAmount": 52
        },
        {
          "transactionDate": "04/29/2019",
          "transactionAmount": 500
        },
        {
          "transactionDate": "06/04/2019",
          "transactionAmount": 22
        },
        {
          "transactionDate": "07/27/2019",
          "transactionAmount": 100
        },
        {
          "transactionDate": "08/16/2019",
          "transactionAmount": 100
        },
        {
          "transactionDate": "08/30/2019",
          "transactionAmount": 11
        }
      ]
    }
  ]
  