
[ {
    "name":"AA",
     "clustername":"S&D",
     "credit_period":"30 days",
     "net":"INR 2,24,500"
},
{
    "name":"AB",
     "clustername":"R&D",
     "credit_period":"30 days",
     "net":"INR 2,44,500"
},
{
    "name":"AC",
     "clustername":"S&D",
     "credit_period":"30 days",
     "net":"INR 2,24,500"
},
{
    "name":"AD",
     "clustername":"S&D",
     "credit_period":"30 days",
     "net":"INR 2,24,500"
},
{
    "name":"AE",
     "clustername":"S&D",
     "credit_period":"30 days",
     "net":"INR 2,24,500"
},
{
    "name":"AF",
     "clustername":"S&D",
     "credit_period":"30 days",
     "net":"INR 2,24,500"
},
{
    "name":"AG",
     "clustername":"S&D",
     "credit_period":"30 days",
     "net":"INR 2,24,500"
},
{
    "name":"AH",
     "clustername":"S&D",
     "credit_period":"30 days",
     "net":"INR 2,24,500"
},
{
    "name":"AI",
     "clustername":"S&D",
     "credit_period":"30 days",
     "net":"INR 2,24,500"
},
{
    "name":"AJ",
     "clustername":"S&D",
     "credit_period":"30 days",
     "net":"INR $2,24,500"
},
{
    "name":"AK",
     "clustername":"S&D",
     "credit_period":"30 days",
     "net":"INR 2,24,500"
},
{
    "name":"AL",
     "clustername":"S&D",
     "credit_period":"30 days",
     "net":"INR 2,24,500"
},
{
    "name":"AM",
     "clustername":"S&D",
     "credit_period":"30 days",
     "net":"INR 2,24,500"
},
{
    "name":"AN",
     "clustername":"R&D",
     "credit_period":"30 days",
     "net":"INR 2,24,500"
},
{
    "name":"AO",
     "clustername":"A&B",
     "credit_period":"30 days",
     "net":"INR 4,24,500"
},
{
    "name":"AP",
     "clustername":"R&D",
     "credit_period":"30 days",
     "net":"INR 3,24,500"
}
]