
{
    "10/30/2019":{
        "inflow": 40,
        "outflow": 25,
        "balance": 30
    },
    "10/31/2019":{
        "inflow": 35,
        "outflow": 30,
        "balance": 40
    },
    "11/01/2019":{
        "inflow": 20,
        "outflow": 69,
        "balance": 25
    },
    "11/02/2019":{
        "inflow": 39,
        "outflow": 75,
        "balance": 50
    },
    "11/03/2019":{
        "inflow": 15,
        "outflow": 30,
        "balance": 50
    },
    "11/04/2019":{
        "inflow": 60,
        "outflow": 10,
        "balance": 95
    },
    "11/05/2019":{
        "inflow": 43,
        "outflow": 35,
        "balance":23
    },
    "11/06/2019":{
        "inflow": 52,
        "outflow": 64,
        "balance": 70
    },
    "11/07/2019":{
        "inflow": 34,
        "outflow": 34,
        "balance": 23
    },
    "11/08/2019":{
        "inflow": 57,
        "outflow": 23,
        "balance": 80
    },
    "11/09/2019":{
        "inflow": 50,
        "outflow": 62,
        "balance": 98
    
    }

}