[
    {
        "Slno": 1,
        "Checkno": 100001,
        "Drawn_on": "15 May 2019",
        "In_Favour_of": "aaa",
        "bank": "SBI",
        "Amount": 150000,
        "Currency": "INR"
    },
    {
        "Slno": 2,
        "Checkno": 100001,
        "Drawn_on": "15 May 2019",
        "In_Favour_of": "aaa",
        "bank": "SBI",
        "Amount": 150000,
        "Currency": "INR"
    },
    {
        "Slno": 3,
        "Checkno": 100001,
        "Drawn_on": "15 May 2019",
        "In_Favour_of": "aaa",
        "bank": "SBI",
        "Amount": 150000,
        "Currency": "INR"
    }
]